role,pair_count,gpt4o_teacher_chosen,t5_baseline_v2_chosen,mean_reward_margin,median_reward_margin,mean_relevance_delta,mean_factuality_delta,mean_role_coverage_delta,mean_urgency_delta
EMS,359,300,59,0.19193177079312337,0.19318474337458613,0.004159743707720451,-0.002999064982103438,0.5448003714020427,0.4113277623026927
Firefighter,676,539,137,0.14938795429101276,0.10785621620714664,-0.00793650183102017,-0.001632938260686468,0.47066074950690334,0.29220907297830373
Firefighter/EMS,129,67,62,0.14987174095780872,0.14731029558926834,9.279624638400457e-05,-0.0006429509137027947,0.2810077519379845,0.4689922480620155
Police,1961,887,1074,0.18499784207220624,0.19300084382295613,-0.003997248540974847,-0.0014259122766727861,0.7406935237123916,0.19307326194118646
Police/EMS,307,190,117,0.13815324104384213,0.11096921652555458,0.006762766133817911,0.0020375997313459068,0.28365906623235615,0.39272529858849076
Police/Firefighter,302,276,26,0.13918319369271548,0.10659731838852171,0.0052760448812550235,-5.7661572828987575e-05,0.4773730684326711,0.20938189845474614
Police/Firefighter/EMS,157,140,17,0.15216402024335196,0.10836014039814479,-0.007823490885317705,-0.007482326903920265,0.30552016985138003,0.478343949044586
