metric,value
rouge1_f1,0.5110716770350533
rouge2_f1,0.27198571009966815
rougeL_f1,0.4528219377581413
bleu,19.952732396934124
bertscore_precision,0.9272967576980591
bertscore_recall,0.9235402941703796
bertscore_f1,0.9253582954406738
num_examples,601.0
