metric,gpt4o_mean,t5_v2_mean,t5_dpo_beta_0_1_mean,dpo_minus_t5,dpo_minus_gpt
reward,0.6176900554598824,0.5936195372945824,0.6533451174689779,0.059725580174395554,0.03565506200909552
relevance,0.7249569819960013,0.7194724738822513,0.705165600847864,-0.01430687303438738,-0.019791381148137388
factuality,0.4786966343472442,0.4803045044400616,0.4797485842518639,-0.0005559201881977227,0.001051949904619709
role_coverage,0.5081292006887741,0.4712325723490529,0.7514691995778481,0.28023662722879517,0.24333999888907398
urgency,0.7132755651835805,0.6374076542798423,0.6815308559684498,0.044123201688607505,-0.03174470921513073
summary_word_count,17.388101983002834,16.719213464422594,17.354440926512247,0.6352274620896523,-0.033661056490586816
summary_char_length,121.8243626062323,117.88018663556072,118.86202299616733,0.9818363606066072,-2.962339610064973
summary_sentence_count,1.0073321113147808,1.0119980003332778,1.0056657223796035,-0.0063322779536743035,-0.001666388935177343
