group,num_examples,reward_mean,relevance_mean,factuality_mean,role_coverage_mean,urgency_mean
overall,6001,0.5936195372945824,0.7194724738822513,0.4803045044400616,0.4712325723490529,0.6374076542798423
EMS,593,0.6397076389230181,0.7572327132407468,0.48067215456930423,0.6305508712759977,0.6419898819561551
Firefighter,1023,0.6696139338400278,0.7497679636147754,0.48156651005309115,0.5925382860866731,0.8414793092212447
Firefighter/EMS,153,0.6350466737780752,0.6920678370954846,0.4815313745947445,0.6377995642701525,0.724400871459695
Police,3280,0.5867609285330109,0.7159055727595469,0.4801051805613608,0.45995934959349594,0.6208790650406504
Police/EMS,401,0.5317416743227708,0.6756349839250373,0.47773607391074413,0.4017040731504572,0.4774729842061513
Police/Firefighter,340,0.47475018419452264,0.6731912778224796,0.47590549684622707,0.04264705882352941,0.5581372549019608
Police/Firefighter/EMS,211,0.48136349952227975,0.6996747360057175,0.4873311686289819,0.3125592417061611,0.26066350710900477
