metric,t5_v2_mean,gpt4o_mean,gpt_minus_t5
reward,0.5936195372945824,0.6176900554598824,0.024070518165300037
relevance,0.7194724738822513,0.7249569819960013,0.0054845081137500085
factuality,0.4803045044400616,0.4786966343472442,-0.0016078700928174317
role_coverage,0.4712325723490529,0.5081292006887741,0.03689662833972118
urgency,0.6374076542798423,0.7132755651835805,0.07586791090373823
summary_word_count,16.719213464422594,17.388101983002834,0.6688885185802391
summary_char_length,117.88018663556072,121.8243626062323,3.94417597067158
